{"cameraMode":{"drawMode":0,"name":"Shaded","section":"Shading Mode"},"sceneLighting":false,"audioPlay":false,"sceneViewState":{"showFog":true,"showMaterialUpdate":false,"showSkybox":false,"showFlares":true,"showImageEffects":true,"showParticleSystems":true},"in2DMode":false,"pivot":{"x":4.951003074645996,"y":-1.888681411743164,"z":7.871310234069824},"rotation":{"x":0.17723599076271058,"y":-0.7256827354431152,"z":0.2031850814819336,"w":0.6330106258392334},"size":4.353639125823975,"orthographic":false}